<?xml version="1.0" encoding="UTF-8"?>
<project-private xmlns="http://www.netbeans.org/ns/project-private/1">
    <editor-bookmarks xmlns="http://www.netbeans.org/ns/editor-bookmarks/2" lastBookmarkId="0"/>
    <open-files xmlns="http://www.netbeans.org/ns/projectui-open-files/2">
        <group>
            <file>file:/C:/Users/ignac/Documents/NetBeansProjects/DriveQuestRentals/src/com/duoc/dqr/main/Main.java</file>
            <file>file:/C:/Users/ignac/Documents/NetBeansProjects/DriveQuestRentals/src/com/duoc/dqr/FleetManager/Manager.java</file>
            <file>file:/C:/Users/ignac/Documents/NetBeansProjects/DriveQuestRentals/src/com/duoc/dqr/interfaces/IRental.java</file>
            <file>file:/C:/Users/ignac/Documents/NetBeansProjects/DriveQuestRentals/src/com/duoc/dqr/cars/PassengersVehicle.java</file>
            <file>file:/C:/Users/ignac/Documents/NetBeansProjects/DriveQuestRentals/src/com/duoc/dqr/cars/Vehicle.java</file>
            <file>file:/C:/Users/ignac/Documents/NetBeansProjects/DriveQuestRentals/src/com/duoc/dqr/cars/CargoVehicle.java</file>
        </group>
    </open-files>
</project-private>
